PIG@qRA9hBNPwuZSPJ3	PIG qRA9hBNPwuZSPJ3	PIG@k9XsHmhMYy3jrFs,PIG@qQeqYdS9aXBF7KZ	ipfs://Qmcu8FdkSTK4bsL2BFumt2tMLBLPhr5Gkk8MsiiJ3Y7Sfu
PIG@rbkZDq9vBb63AvY	PIG rbkZDq9vBb63AvY		ipfs://QmPyCKVMgXft9xBc2Qffy2YLQjivYCQzBWCEXqmU2s4vXS
PIG@vhoZ8kwPwS8cbBL	PIG vhoZ8kwPwS8cbBL		ipfs://QmRrCq2h1rPmR42k3oGoGhh3Uhuci7j26GtTZHztHiuDG2
PIG@Z7okXK5RWj79vr4	PIG Z7okXK5RWj79vr4		ipfs://QmPRvmustQWJMS7ueZnyM9bn5oHVn6zwqjKejTPagkF9QS
PIG@GKJB4GA8wa6FSbu	PIG GKJB4GA8wa6FSbu		ipfs://QmPJ87vrRK47cjZG6G4krVPpJ2meb2ZDyXbbJQE6CxjZng
PIG@rnUwPTeCq449ScB	PIG rnUwPTeCq449ScB	PIG@GKJB4GA8wa6FSbu,PIG@rbkZDq9vBb63AvY	ipfs://QmYSaFBBnBLc6fYYzVA2nNAEuKzaCGE6mSSGCrA5miQjMH
PIG@F5PEepBgz8Zczuh	PIG F5PEepBgz8Zczuh	PIG@GKJB4GA8wa6FSbu,PIG@rnUwPTeCq449ScB	ipfs://Qmaxw5XcAnoAQqqffhtcCet7m1sNgVHh7gGtgGXEAzEUnU
PIG@F1r26pPjWx3zWkK	PIG F1r26pPjWx3zWkK	PIG@F5PEepBgz8Zczuh,PIG@Z7okXK5RWj79vr4	ipfs://QmVdutyZweQYqLkVjPT2FxC168K3Xcrgd8Pzm9qFiaaHJt
PIG@k9XsHmhMYy3jrFs	PIG k9XsHmhMYy3jrFs		ipfs://QmQBZ3BU5YSDn2rxvACiYEttNbMGPZ9T1qEbBNzkZHeLeK
PIG@txE73CZMM5xiqMQ	PIG txE73CZMM5xiqMQ	PIG@Z7okXK5RWj79vr4,PIG@vhoZ8kwPwS8cbBL	ipfs://QmNronAmudhch7vQitAbT91FMb57vcZaEdVnrALZRbnPs2
PIG@txDVvjzBMvBqKE3	PIG txDVvjzBMvBqKE3	PIG@rnUwPTeCq449ScB,PIG@txE73CZMM5xiqMQ	ipfs://QmRJfwHkfKai65nfUgUStMz68XGi8iR3qci1p5jS3wpMUY
PIG@riy54ftzEdouzR2	PIG riy54ftzEdouzR2	PIG@Z7okXK5RWj79vr4,PIG@rbkZDq9vBb63AvY	ipfs://Qmbv8PfUZ9HAoiHhBApP7ouv1E8ZE6dNsTzT1xhEVwy5Pr
PIG@qQeqYdS9aXBF7KZ	PIG qQeqYdS9aXBF7KZ		ipfs://QmcrQ95qHZ6pqhV9kSPBLMDdePKaqTt5qtNDR5vLeF7rpG
PIG@rnUKyJZLuZmdrN7	PIG rnUKyJZLuZmdrN7	PIG@F5PEepBgz8Zczuh,PIG@rnUwPTeCq449ScB	ipfs://QmUVvDd3p2GmjpscxJcBijQ1PPxJniJQ4yQNCFTATDeLbk
PIG@nZ1q5HLDrfWLctF	PIG nZ1q5HLDrfWLctF		ipfs://QmPd3eRGc1D8wE2TpCLdJja83Q3cPXWm6xkTrrZhzN6BzK
PIG@2QE8fR941V3A4WDs	PIG 2QE8fR941V3A4WDs		ipfs://QmPU2WntiBkkYEHLSCm7kML4FDzLiugJ9nefEQ6QZzqooX
PIG@2hpDmv397nHiTcJ1	PIG 2hpDmv397nHiTcJ1		ipfs://QmY2EAKentJDP4fwmTqJeXwHx1RdeV8nn5dPJEwuNn8edB
PIG@2MoECnaKxL1YECSy	PIG 2MoECnaKxL1YECSy	PIG@2hpDmv397nHiTcJ1,PIG@GKJB4GA8wa6FSbu	ipfs://QmXNbvAT9ae2gsYMS2RHEiJaZijhiNqChrp3L1yPkDjGHm
PIG@2hpDyjYye4vvx8qb	PIG 2hpDyjYye4vvx8qb	PIG@2QE8fR941V3A4WDs,PIG@2hpDmv397nHiTcJ1	ipfs://QmQ3k73ytYP8GHZxHwvwBBdiw2KLQDtRWL9viT1YnD3FVC
PIG@2bZ6gpXJhcJHXQZS	PIG 2bZ6gpXJhcJHXQZS		ipfs://QmPAH7vwnTt3mWHWVxHpadicTf1rhYS4Es59Vi8t7Edo9q
PIG@2MjEeHU9BtbChf73	PIG 2MjEeHU9BtbChf73	PIG@2MoECnaKxL1YECSy,PIG@2hpDmv397nHiTcJ1	ipfs://QmbembU7zokBGpRGZK6qMn4o7fymHwyzSVwaiKjMUKVrDo
PIG@2KQoATYSaEeSz1Gj	PIG 2KQoATYSaEeSz1Gj		ipfs://QmNmJfnWUpayMdivpHvcf6R7f4ouvVhNFraPaztukjSSqG
PIG@2PSwsewVLn3RqYNC	PIG 2PSwsewVLn3RqYNC		ipfs://QmcX6bhi9RCokdfuWVbzatQH4sUf5YViMTV2voUFAsQFN4
PIG@2KRERCB6hHahWBvQ	PIG 2KRERCB6hHahWBvQ	PIG@2KQoATYSaEeSz1Gj,PIG@2PSwsewVLn3RqYNC	ipfs://QmRRMSephqt4d3sVUTK63jxH1mLKsmuhcwUQHR5A2JRVfj
PIG@2PsY6nArmefr3obA	PIG 2PsY6nArmefr3obA		ipfs://QmNU43mQCqmUEmTJ4LbGykQnefz5kdUEs933Yw1NHL8uT8
PIG@2rfFv5ZS4vSFzimM	PIG 2rfFv5ZS4vSFzimM		ipfs://QmYkXMxPpxEsskgtMz5zGVFsG6XqPMDTKayesVqs7GaoVf
PIG@2bchEYJ5NhrkQD7r	PIG 2bchEYJ5NhrkQD7r	PIG@2MjEeHU9BtbChf73,PIG@2bZ6gpXJhcJHXQZS	ipfs://QmZGKz1U7HAzQFXLMeoG9Ctd3Gt2QNyCZvrNNwHcxS4GuX
PIG@2QHjD8vLyQVu8S2q	PIG 2QHjD8vLyQVu8S2q	PIG@2QE8fR941V3A4WDs,PIG@GKJB4GA8wa6FSbu	ipfs://QmZpYCUrT7qP3U5d6nVQ1q7wq724JwKkSYinu8k8TUcFQi
PIG@2Hqisbq19VHxHrQL	PIG 2Hqisbq19VHxHrQL		ipfs://QmRitv72NwffrcTZU7sXXKewM2jh3CdM2XeCgUSZNjQoio
PIG@2dq1DS47BSunpEZp	PIG 2dq1DS47BSunpEZp		ipfs://QmTY9XngRHMvtuYM3ct1tw8zN9A1bWhYUB8ZV2vd5UtYtZ
PIG@2J5mPrtyDcanasMt	PIG 2J5mPrtyDcanasMt	PIG@2Hqisbq19VHxHrQL,PIG@2dq1DS47BSunpEZp	ipfs://Qmd3VicDd9Ai4SrGJrY4HDLXHagEAbwdefyhv3hseQqyjQ
PIG@2hs6VLo8dapkfa9J	PIG 2hs6VLo8dapkfa9J	PIG@2gcg95xCT4umQkgU,PIG@2ucVMCQEfZaFcK2H	ipfs://QmaKZmCQs5SERqdzD7r5zGLnWuNyiZiP7UMhLRPrArYUEc
PIG@2dbkjWAJTabjsPac	PIG 2dbkjWAJTabjsPac	PIG@2bZ6gpXJhcJHXQZS,PIG@2bchEYJ5NhrkQD7r,PIG@GKJB4GA8wa6FSbu	ipfs://QmcbKXi89tUo5wmrbvBNWqC5oRWmUZZSeQxgUXrikLKt1F
PIG@2bZ6gpXHsobc7sHW	PIG 2bZ6gpXHsobc7sHW	PIG@2bZ6gpXJhcJHXQZS,PIG@2bchEYJ5NhrkQD7r	ipfs://QmVQ9haEPPhk4fbENntPznzoE8FbRGUjnkxyfVyQuP9Ucp
PIG@31T13MF3spWm663U	PIG 31T13MF3spWm663U		ipfs://QmWsGMrejS3CbMZJ3r2JrCUyzKSyRkNHbpoqpfaHtsor76
PIG@2bzdJ3nSSri8LF3X	PIG 2bzdJ3nSSri8LF3X		ipfs://QmTMk2sos6W8mYJsDZUGpJScArYSbKSoQKReeQ4umgTbPj
PIG@2w8wDqTVrhnxVN9y	PIG 2w8wDqTVrhnxVN9y		ipfs://Qmf81uc5UbBtRdgx1tnDV9vMDrrx1z16ajj79jbbEyqt2N
PIG@2zqDUyoUyUTfKB6C	PIG 2zqDUyoUyUTfKB6C		ipfs://QmT7jVqSBnJetBPn3B44ZG4itqQf6H69Bf95VNS6yrF9SJ
PIG@2e9g7pyu2eH5mVTq	PIG 2e9g7pyu2eH5mVTq		ipfs://QmYCAxGHPqQqShkSK796xmLH8q8sHCALq1XoZPmDNMsp5a
PIG@2vdQfKD2BCajGLVF	PIG 2vdQfKD2BCajGLVF		ipfs://QmVi5dJkrGP1rqa6Ei79mDPgUWadGRnHbbtYoyJvA7iZeJ
PIG@2yrA4oNzmjeM73fw	PIG 2yrA4oNzmjeM73fw	PIG@2e9g7pyu2eH5mVTq,PIG@2vdQfKD2BCajGLVF	ipfs://QmaFXa33PyKtJTpokigQzKar1EfrT2YMTk52CBXib3HYxn
PIG@2ucVMCQEfZaFcK2H	PIG 2ucVMCQEfZaFcK2H		ipfs://QmbAb4x5m5mL5MiXTueqnVaapfGPtguXTYy4ey4yVAz8qm
PIG@2xYeQPtN91jAi7Gz	PIG 2xYeQPtN91jAi7Gz		ipfs://QmQMv6ttDtUHs6bYrh5Ey33piJyBLNpzDPVDqBZxXX5odT
PIG@2hsxb9snVPDMTJzm	PIG 2hsxb9snVPDMTJzm	PIG@2gPew5yV3mAaPF35,PIG@2ucVMCQEfZaFcK2H	ipfs://QmfDVS65WJL4RZKHpHP9T9PePyzNgqHyUTGojWL8YZJ5cC
PIG@2dgDaqtpWviQLgnp	PIG 2dgDaqtpWviQLgnp	PIG@2dbkjWAJTabjsPac,PIG@GKJB4GA8wa6FSbu	ipfs://QmXpwUKmbNqooSqfTV2JP57J7Kh7kXVRD7jNyZzNCodBCn
PIG@2gcg95xCT4umQkgU	PIG 2gcg95xCT4umQkgU		ipfs://QmYcnRgjFcsx5JhUVFtWQD7cWytJQfQj1HaX3e9YXYCjRc
PIG@34PUDbe2mXJnLSfz	PIG 34PUDbe2mXJnLSfz		ipfs://QmWfNhLMWjQCgNgi7oa7WrDse883NEAzCr24QKfA81owMs
PIG@2gPew5yV3mAaPF35	PIG 2gPew5yV3mAaPF35		ipfs://Qmc7hAaxvn5d1zBcr8yuU5RKH4c1egT99mSMpbX2Lz7SjE
PIG@2gPfLUp1PCxnmtCZ	PIG 2gPfLUp1PCxnmtCZ	PIG@2gPew5yV3mAaPF35,PIG@2hsxb9snVPDMTJzm,PIG@2ucVMCQEfZaFcK2H	ipfs://QmYnnRG59QTTzsaCrqX6NNrkFanRZ5Vo9p2vmczckBwZva
PIG@39d4PnbdEi6VgFZw	PIG 39d4PnbdEi6VgFZw	PIG@39d4PnbdEi6VgFZw,PIG@39iTGKXwrTSmzHEm	ipfs://QmaX1JAfLxz3dqfJzoqCWQQtkknsqcZ8j9ujMoAjQCp7dD
PIG@39iTGKXwiVKzkQnq	PIG 39iTGKXwiVKzkQnq	PIG@39d4PnbdEi6VgFZw,PIG@39iTGKXwrTSmzHEm	ipfs://QmNevR9YT99JxCNudhP16WE7j9FepsinFbzTLxTdPSbn5L
PIG@39iTGKXwrTSmzHEm	PIG 39iTGKXwrTSmzHEm	PIG@2xYeQPtN91jAi7Gz,PIG@39d4PnbdEi6VgFZw	ipfs://QmZxVxgK8JNrGSQ4ZVhQv6E7KrSKFHGoEdjQqieHCeJuNT
PIG@2Ki13dEp5ePt8pyF	PIG 2Ki13dEp5ePt8pyF		ipfs://QmTQs6VNodzxNTU8AuuReY26ZrvAhCxQ7YtCXMHKPFXdBN
PIG@39d4PnbdEi6VgFZw	PIG 39d4PnbdEi6VgFZw		ipfs://QmPDrA5o8JxmSDLX711bMxtKcHJzizDgKXWiiY9HRiNJz3
PIG@2Rsg3bVBBCca4khL	PIG 2Rsg3bVBBCca4khL		ipfs://QmSWXQHfYdZafNra4TqkAQXg8z8vbGdX1owRzvWGLmKkSC
PIG@2Ju7nS46q2vvQpqo	PIG 2Ju7nS46q2vvQpqo		ipfs://QmNaiZkcHWAKK1Miu4j2V4VBHT6zpZcUrHeYFBrxfMkB3N
PIG@2hX9sAtbA1jUuZuM	PIG 2hX9sAtbA1jUuZuM		ipfs://QmUbQis3UGikdysm6h8no1nVecrycu6f81xRt6F2mC8fFy
PIG@2x8o6nXj7F5Maoeh	PIG 2x8o6nXj7F5Maoeh		ipfs://QmPcq8JK2qYm6eWXY36c6TXX82EyXzW95GFMtZNmMmzewX
PIG@2xQZAqhA5T8zeqjf	PIG 2xQZAqhA5T8zeqjf	PIG@2Ki13dEp5ePt8pyF,PIG@2xYeQPtN91jAi7Gz	ipfs://QmRnE759WemRQkSDcaPzqa1GtxNMCUwYXQmSV82yMs2b3p
PIG@2YLXUL3HAxft9Rgx	PIG 2YLXUL3HAxft9Rgx		ipfs://Qmem1x9Rbn32tc1spzcaLZ8V5EUUPjbmTgBgs7iaXW1SX9
PIG@2uXhY5ifZFKwmrQU	PIG 2uXhY5ifZFKwmrQU		ipfs://QmYGGJLxmUmoNK5gKaemAMz9GTisbJv18JuTJZSdb6kaFh
PIG@39d2cCWfzBxt2Q6H	PIG 39d2cCWfzBxt2Q6H	PIG@2xQZAqhA5T8zeqjf,PIG@39d4PnbdEi6VgFZw,PIG@39iTGKXwrTSmzHEm	ipfs://QmakPxGK5NNefTpVLNacdqVBmzTRigKX4oNcbqS5E8JeHh
PIG@39aN2x3chqiqVJQ9	PIG 39aN2x3chqiqVJQ9	PIG@2xQZAqhA5T8zeqjf,PIG@39iTGKXwrTSmzHEm	ipfs://QmeDmMrwYrJXnhNGgqmR3uRcg9CsvSgrYWmfX48MyHv16t
